15294,CNP082
ARHQ01000000,CNS416
37242,CNS325
35123,CNH718
35131,CNY679
AZWP01000000,CNS103
35121,CNY281
35607,CNY498
AZXI01000000,CNB527
34968,CNR909
ARGH01000000,CNS055
AZWW01000000,CNX891
AZVX01000000,CNT150
JAEY01000000,CNH964
ARHM01000000,CNY237
AZWO01000000,CNR114
ARHF01000000,CNY256
ARHN01000000,CNY330
AZWD01000000,CNX482
34967,CNH643
34950,CNX435
ARGL01000000,CNT045
ARGX01000000,CNS051
AZVY01000000,CNT138
ARHS01000000,CNS335
35561,CNY703
AZVW01000000,CNT603
36417,CNS820
AUKQ01000000,CNH287
ARHT01000000,CNT372
AQPE01000000,CNS615
AZWN01000000,CNR894
ARHR01000000,CNQ766
ARHI01000000,CNQ768
GCA_000016425,CNB440
AUKW01000000,TAA204
JHVV01000000,CNY012
AUFD01000000,CNS606
34964,CNT403
AUGH01000000,CNS237
34969,CNQ884
2516143022,CNS991
AZWM01000000,CNT796
35128,CNY244
AZXA01000000,CNT798
2515154186,CNT798
JNLT01000000,CNS654
AUKN01000000,CNT318
AUKU01000000,CNY239
AZXE01000000,CNB476
AZXB01000000,CNH905
AZVZ01000000,CNT131
ARHG01000000,CNY260
35127,CNY678
ARHP01000000,CNR699
AZXH01000000,CNH898
37241,CNR510
AIIG01,CNS143
AZWR01000000,CNT854
34966,CNS801
AZWC01000000,CNT001
AZWL01000000,CNH099
ARIQ01000000,CNT859
AZWK01000000,CNS197
ARHD01000000,CNY011
AZWV01000000,CNH941
AZWU01000000,CNT005
ARGK01000000,CNS996
AZWE01000000,CNT003
35579,CNY666
AZWY01000000,CNQ748
2516653042,CNT133
AZWJ01000000,CNT148
AZXD01000000,CNB536
AZWQ01000000,CNT569
AIIJ01,CNT088
AZWZ01000000,CNT371
ARHU01000000,CNY243
AZWI01000000,CNB458
ARGZ01000000,CNP105
ARHE01000000,CNY231
AXVU01000000,CNQ329
AZUS01000000,CNH189
ARGY01000000,CNP193
35578,CNY646
AZWA01000000,CNT084
GCA_000018265,CNS205
AUKP01000000,CNQ865
AUKS01000000,CNT261
35125,CNY486
AXVS01000000,CNR425
ARHC01000000,CNX814
35133,CNY230
ARJI01000000,CNB091
ARHH01000000,CNY280
AZWF01000000,CNR921
37324,CNS342
ARHA01000000,CNS744
JNLS01000000,CNH996
ARHB01000000,CNX481
AUKO01000000,CNT360
ARGM01000000,CNT124
ARHK01000000,CNT609
AUKR01000000,TAA040
36410,CNS296
ARGI01000000,CNS860
ARIN01000000,CNY228
ARKR01000000,CNH877
AXVR01000000,CNY202
ARHO01000000,CNY331
AUKT01000000,CNS243
AZVD01000000,CNT799
AZXC01000000,CNR698
AUKM01000000,CNS299
35581,CNY363
ARGG01000000,CNR942
ARGJ01000000,CNS863
ARKS01000000,CNH962
AZWX01000000,CNT857
AZWB01000000,CNT029
ARHJ01000000,CNT584
35845,CNY685
AZWH01000000,CNH646
37235,CNH732
ARKV01000000,CNY282
35129,CNY690
ARER01000000,CNS673
35130,CNQ525
AZWS01000000,CNT855
38495,CNS848
ARKU01000000,CNY234
ARHL01000000,CNT851
AZWT01000000,CNX508
35132,CNY694
35126,CNY681
AREQ01000000,CNT849
2517287019,CNS960
ARIM01000000,CNT302
37236,CNH713
AZWG01000000,CNT850
AUEV01000000,TAA486
AZXG01000000,CNT800
JHVW01000000,CNT250
ARKT01000000,CNR107
AUKL01000000,CNH963
